"Sample"	"3.1-Dereplication"	"3.2-Denoising"	"4-ESV"
"PLATEIII_A_10"	"15523 (5173 uniques)"	"15375 (49 uniques)"	"15110 (55 uniques)"
"PLATEIII_A_11"	"6178 (2511 uniques)"	"6104 (44 uniques)"	"6038 (45 uniques)"
"PLATEIII_A_12"	"3625 (1245 uniques)"	"3530 (21 uniques)"	"3453 (15 uniques)"
"PLATEIII_A_1"	"8470 (3334 uniques)"	"8438 (77 uniques)"	"7746 (78 uniques)"
"PLATEIII_A_2"	"13138 (4921 uniques)"	"13023 (75 uniques)"	"9135 (78 uniques)"
"PLATEIII_A_3"	"12363 (5069 uniques)"	"12241 (138 uniques)"	"11987 (144 uniques)"
"PLATEIII_A_4"	"12511 (4770 uniques)"	"12438 (74 uniques)"	"12286 (80 uniques)"
"PLATEIII_A_5"	"21497 (8569 uniques)"	"21403 (88 uniques)"	"20839 (93 uniques)"
"PLATEIII_A_6"	"31678 (10285 uniques)"	"31601 (105 uniques)"	"31108 (112 uniques)"
"PLATEIII_A_7"	"17998 (6479 uniques)"	"17949 (80 uniques)"	"17573 (83 uniques)"
"PLATEIII_A_8"	"7549 (3297 uniques)"	"7510 (81 uniques)"	"7356 (80 uniques)"
"PLATEIII_A_9"	"216858 (44229 uniques)"	"216212 (286 uniques)"	"211562 (576 uniques)"
"PLATEIII_B_10"	"23119 (8432 uniques)"	"23017 (84 uniques)"	"21218 (90 uniques)"
"PLATEIII_B_11"	"14980 (5399 uniques)"	"14897 (82 uniques)"	"14741 (82 uniques)"
"PLATEIII_B_12"	"20644 (8062 uniques)"	"20468 (115 uniques)"	"20249 (120 uniques)"
"PLATEIII_B_1"	"4009 (1694 uniques)"	"3958 (42 uniques)"	"3902 (38 uniques)"
"PLATEIII_B_2"	"11091 (4112 uniques)"	"11009 (48 uniques)"	"10921 (76 uniques)"
"PLATEIII_B_3"	"12533 (4816 uniques)"	"12466 (52 uniques)"	"12294 (60 uniques)"
"PLATEIII_B_4"	"16320 (5770 uniques)"	"16234 (45 uniques)"	"16100 (57 uniques)"
"PLATEIII_B_5"	"25319 (9386 uniques)"	"25127 (101 uniques)"	"24924 (115 uniques)"
"PLATEIII_B_6"	"21352 (7665 uniques)"	"21276 (67 uniques)"	"20903 (71 uniques)"
"PLATEIII_B_7"	"29905 (9543 uniques)"	"29718 (75 uniques)"	"28869 (92 uniques)"
"PLATEIII_B_8"	"21466 (7729 uniques)"	"21352 (57 uniques)"	"21136 (78 uniques)"
"PLATEIII_B_9"	"31836 (9367 uniques)"	"31642 (108 uniques)"	"29465 (120 uniques)"
"PLATEIII_C_10"	"23816 (8839 uniques)"	"23471 (110 uniques)"	"22157 (105 uniques)"
"PLATEIII_C_11"	"30873 (9375 uniques)"	"30822 (90 uniques)"	"30602 (96 uniques)"
"PLATEIII_C_12"	"74756 (20613 uniques)"	"74650 (149 uniques)"	"74144 (189 uniques)"
"PLATEIII_C_1"	"1007 (441 uniques)"	"987 (26 uniques)"	"978 (25 uniques)"
"PLATEIII_C_2"	"22973 (6440 uniques)"	"22917 (53 uniques)"	"22305 (59 uniques)"
"PLATEIII_C_3"	"13389 (4547 uniques)"	"13326 (50 uniques)"	"13202 (62 uniques)"
"PLATEIII_C_4"	"28098 (9104 uniques)"	"28025 (81 uniques)"	"27784 (86 uniques)"
"PLATEIII_C_5"	"42318 (12315 uniques)"	"42216 (110 uniques)"	"41765 (120 uniques)"
"PLATEIII_C_6"	"45609 (15459 uniques)"	"45444 (138 uniques)"	"44954 (167 uniques)"
"PLATEIII_C_7"	"20764 (6927 uniques)"	"20706 (67 uniques)"	"20528 (72 uniques)"
"PLATEIII_C_8"	"13866 (4922 uniques)"	"13820 (37 uniques)"	"13699 (52 uniques)"
"PLATEIII_C_9"	"189361 (34383 uniques)"	"188988 (277 uniques)"	"186138 (292 uniques)"
"PLATEIII_D_10"	"41028 (11412 uniques)"	"40862 (95 uniques)"	"38977 (119 uniques)"
"PLATEIII_D_11"	"39419 (13826 uniques)"	"39224 (144 uniques)"	"38231 (158 uniques)"
"PLATEIII_D_12"	"40430 (12803 uniques)"	"40309 (127 uniques)"	"40011 (142 uniques)"
"PLATEIII_D_1"	"5956 (2369 uniques)"	"5875 (66 uniques)"	"3492 (62 uniques)"
"PLATEIII_D_2"	"28437 (8993 uniques)"	"28333 (68 uniques)"	"19921 (70 uniques)"
"PLATEIII_D_3"	"15496 (5075 uniques)"	"15393 (39 uniques)"	"15199 (48 uniques)"
"PLATEIII_D_4"	"14225 (4935 uniques)"	"14145 (49 uniques)"	"13984 (58 uniques)"
"PLATEIII_D_5"	"52209 (19594 uniques)"	"52077 (261 uniques)"	"51526 (304 uniques)"
"PLATEIII_D_6"	"30058 (10527 uniques)"	"30008 (102 uniques)"	"29617 (109 uniques)"
"PLATEIII_D_7"	"65009 (20273 uniques)"	"64904 (132 uniques)"	"64168 (150 uniques)"
"PLATEIII_D_8"	"21038 (7254 uniques)"	"20960 (63 uniques)"	"20730 (79 uniques)"
"PLATEIII_D_9"	"88420 (16894 uniques)"	"88209 (111 uniques)"	"83475 (112 uniques)"
"PLATEIII_E_10"	"79611 (24714 uniques)"	"79364 (306 uniques)"	"55723 (345 uniques)"
"PLATEIII_E_11"	"31378 (9601 uniques)"	"31252 (251 uniques)"	"30973 (275 uniques)"
"PLATEIII_E_12"	"41271 (11193 uniques)"	"41129 (114 uniques)"	"40921 (130 uniques)"
"PLATEIII_E_1"	"1486 (669 uniques)"	"1460 (30 uniques)"	"1422 (26 uniques)"
"PLATEIII_E_2"	"8957 (3377 uniques)"	"8862 (46 uniques)"	"8594 (62 uniques)"
"PLATEIII_E_3"	"16927 (6402 uniques)"	"16808 (79 uniques)"	"16627 (92 uniques)"
"PLATEIII_E_4"	"18698 (6190 uniques)"	"18616 (75 uniques)"	"18514 (86 uniques)"
"PLATEIII_E_5"	"45300 (11748 uniques)"	"44761 (169 uniques)"	"43836 (142 uniques)"
"PLATEIII_E_6"	"38075 (12957 uniques)"	"37904 (143 uniques)"	"37401 (170 uniques)"
"PLATEIII_E_7"	"24073 (7606 uniques)"	"24010 (59 uniques)"	"23841 (67 uniques)"
"PLATEIII_E_8"	"17337 (5625 uniques)"	"17246 (52 uniques)"	"17113 (67 uniques)"
"PLATEIII_E_9"	"85945 (18881 uniques)"	"85667 (222 uniques)"	"79889 (235 uniques)"
"PLATEIII_F_10"	"56369 (15377 uniques)"	"56175 (111 uniques)"	"52280 (116 uniques)"
"PLATEIII_F_11"	"18794 (6412 uniques)"	"18729 (73 uniques)"	"18436 (92 uniques)"
"PLATEIII_F_12"	"43249 (15480 uniques)"	"43011 (271 uniques)"	"42531 (305 uniques)"
"PLATEIII_F_1"	"3094 (1367 uniques)"	"3051 (54 uniques)"	"2900 (49 uniques)"
"PLATEIII_F_2"	"39800 (10355 uniques)"	"39686 (117 uniques)"	"37867 (128 uniques)"
"PLATEIII_F_3"	"29441 (9930 uniques)"	"29335 (95 uniques)"	"29047 (110 uniques)"
"PLATEIII_F_4"	"21911 (7395 uniques)"	"21726 (81 uniques)"	"21345 (114 uniques)"
"PLATEIII_F_5"	"15987 (5932 uniques)"	"15914 (52 uniques)"	"15777 (60 uniques)"
"PLATEIII_F_6"	"173 (141 uniques)"	"112 (9 uniques)"	"55 (3 uniques)"
"PLATEIII_F_7"	"16939 (5873 uniques)"	"16877 (46 uniques)"	"16671 (61 uniques)"
"PLATEIII_F_8"	"23239 (7977 uniques)"	"23143 (69 uniques)"	"22911 (75 uniques)"
"PLATEIII_F_9"	"85451 (16446 uniques)"	"85229 (130 uniques)"	"83216 (145 uniques)"
"PLATEIII_G_10"	"85594 (20752 uniques)"	"85392 (164 uniques)"	"84419 (217 uniques)"
"PLATEIII_G_11"	"72547 (19746 uniques)"	"72361 (153 uniques)"	"71814 (202 uniques)"
"PLATEIII_G_12"	"54056 (17501 uniques)"	"53790 (174 uniques)"	"53313 (202 uniques)"
"PLATEIII_G_1"	"1057 (570 uniques)"	"1002 (40 uniques)"	"925 (32 uniques)"
"PLATEIII_G_2"	"24207 (8987 uniques)"	"23966 (165 uniques)"	"19987 (161 uniques)"
"PLATEIII_G_3"	"11162 (3910 uniques)"	"11034 (45 uniques)"	"10902 (47 uniques)"
"PLATEIII_G_4"	"33250 (8750 uniques)"	"33165 (104 uniques)"	"32900 (107 uniques)"
"PLATEIII_G_5"	"35547 (10028 uniques)"	"35431 (119 uniques)"	"35180 (130 uniques)"
"PLATEIII_G_6"	"37005 (9663 uniques)"	"36924 (66 uniques)"	"36743 (86 uniques)"
"PLATEIII_G_7"	"23031 (7972 uniques)"	"22924 (84 uniques)"	"22703 (97 uniques)"
"PLATEIII_G_8"	"31376 (10296 uniques)"	"31308 (102 uniques)"	"31005 (122 uniques)"
"PLATEIII_G_9"	"27213 (8764 uniques)"	"26922 (103 uniques)"	"25827 (116 uniques)"
"PLATEIII_H_10"	"38875 (11691 uniques)"	"38775 (109 uniques)"	"38281 (119 uniques)"
"PLATEIII_H_11"	"16472 (6081 uniques)"	"16401 (62 uniques)"	"16198 (69 uniques)"
"PLATEIII_H_12"	"52889 (17591 uniques)"	"52754 (187 uniques)"	"52307 (215 uniques)"
"PLATEIII_H_1"	"4156 (1782 uniques)"	"4028 (38 uniques)"	"3974 (32 uniques)"
"PLATEIII_H_2"	"206971 (71279 uniques)"	"206412 (1037 uniques)"	"203803 (1427 uniques)"
"PLATEIII_H_3"	"91972 (27482 uniques)"	"91838 (144 uniques)"	"91040 (200 uniques)"
"PLATEIII_H_4"	"117037 (23790 uniques)"	"116932 (181 uniques)"	"113940 (188 uniques)"
"PLATEIII_H_5"	"22423 (7253 uniques)"	"22258 (56 uniques)"	"22107 (73 uniques)"
"PLATEIII_H_6"	"34159 (11077 uniques)"	"34017 (112 uniques)"	"33734 (126 uniques)"
"PLATEIII_H_7"	"8426 (3299 uniques)"	"8356 (38 uniques)"	"8243 (41 uniques)"
"PLATEIII_H_8"	"12132 (4586 uniques)"	"12064 (61 uniques)"	"11915 (74 uniques)"
"PLATEIII_H_9"	"120102 (25132 uniques)"	"119691 (308 uniques)"	"117258 (314 uniques)"
"PLATEII_A_10"	"15506 (4799 uniques)"	"15432 (297 uniques)"	"15172 (319 uniques)"
"PLATEII_A_11"	"6798 (2035 uniques)"	"6763 (79 uniques)"	"6658 (78 uniques)"
"PLATEII_A_12"	"12188 (3762 uniques)"	"12108 (167 uniques)"	"11959 (169 uniques)"
"PLATEII_A_1"	"275 (161 uniques)"	"223 (22 uniques)"	"183 (13 uniques)"
"PLATEII_A_2"	"27013 (8627 uniques)"	"26804 (681 uniques)"	"26125 (660 uniques)"
"PLATEII_A_3"	"7113 (2080 uniques)"	"7069 (56 uniques)"	"7003 (57 uniques)"
"PLATEII_A_4"	"8056 (2404 uniques)"	"8017 (137 uniques)"	"7876 (144 uniques)"
"PLATEII_A_5"	"19873 (5225 uniques)"	"19807 (191 uniques)"	"19353 (199 uniques)"
"PLATEII_A_6"	"10302 (3205 uniques)"	"10269 (128 uniques)"	"10133 (129 uniques)"
"PLATEII_A_7"	"13314 (3807 uniques)"	"13238 (119 uniques)"	"13142 (132 uniques)"
"PLATEII_A_8"	"25690 (6893 uniques)"	"25643 (187 uniques)"	"25418 (203 uniques)"
"PLATEII_A_9"	"7222 (2260 uniques)"	"7101 (101 uniques)"	"6914 (103 uniques)"
"PLATEII_B_10"	"35990 (11985 uniques)"	"35859 (285 uniques)"	"35606 (295 uniques)"
"PLATEII_B_11"	"16485 (3515 uniques)"	"16418 (68 uniques)"	"16351 (77 uniques)"
"PLATEII_B_12"	"35283 (9002 uniques)"	"35185 (173 uniques)"	"34788 (203 uniques)"
"PLATEII_B_1"	"8256 (3374 uniques)"	"8212 (90 uniques)"	"8107 (83 uniques)"
"PLATEII_B_2"	"5053 (1496 uniques)"	"5012 (30 uniques)"	"4977 (30 uniques)"
"PLATEII_B_3"	"19064 (3838 uniques)"	"19012 (63 uniques)"	"18949 (68 uniques)"
"PLATEII_B_4"	"21327 (5358 uniques)"	"21283 (117 uniques)"	"21146 (135 uniques)"
"PLATEII_B_5"	"14343 (4243 uniques)"	"14287 (103 uniques)"	"14178 (119 uniques)"
"PLATEII_B_6"	"22037 (5885 uniques)"	"21993 (67 uniques)"	"21829 (81 uniques)"
"PLATEII_B_7"	"45559 (8867 uniques)"	"45469 (143 uniques)"	"45275 (159 uniques)"
"PLATEII_B_8"	"25163 (5960 uniques)"	"25093 (83 uniques)"	"24966 (99 uniques)"
"PLATEII_B_9"	"9759 (2609 uniques)"	"9669 (89 uniques)"	"9516 (84 uniques)"
"PLATEII_C_10"	"71655 (9651 uniques)"	"71529 (83 uniques)"	"71321 (91 uniques)"
"PLATEII_C_11"	"17053 (3839 uniques)"	"17004 (41 uniques)"	"16922 (42 uniques)"
"PLATEII_C_12"	"19511 (4548 uniques)"	"19424 (63 uniques)"	"19339 (70 uniques)"
"PLATEII_C_1"	"1933 (607 uniques)"	"1911 (31 uniques)"	"1886 (35 uniques)"
"PLATEII_C_2"	"9242 (2526 uniques)"	"9201 (47 uniques)"	"9137 (53 uniques)"
"PLATEII_C_3"	"12119 (3458 uniques)"	"12033 (65 uniques)"	"11921 (67 uniques)"
"PLATEII_C_4"	"16139 (4096 uniques)"	"16076 (83 uniques)"	"15972 (90 uniques)"
"PLATEII_C_5"	"118936 (29376 uniques)"	"118746 (392 uniques)"	"117376 (525 uniques)"
"PLATEII_C_6"	"10151 (2716 uniques)"	"10119 (39 uniques)"	"10010 (42 uniques)"
"PLATEII_C_7"	"49627 (10903 uniques)"	"49552 (92 uniques)"	"49272 (123 uniques)"
"PLATEII_C_8"	"34615 (8786 uniques)"	"34543 (107 uniques)"	"34305 (115 uniques)"
"PLATEII_C_9"	"32651 (6641 uniques)"	"32532 (107 uniques)"	"32169 (109 uniques)"
"PLATEII_D_10"	"14077 (4086 uniques)"	"14022 (91 uniques)"	"13898 (105 uniques)"
"PLATEII_D_11"	"14916 (3971 uniques)"	"14860 (83 uniques)"	"14696 (84 uniques)"
"PLATEII_D_12"	"15117 (3949 uniques)"	"15053 (48 uniques)"	"14948 (60 uniques)"
"PLATEII_D_1"	"301 (196 uniques)"	"225 (35 uniques)"	"169 (22 uniques)"
"PLATEII_D_2"	"14676 (4252 uniques)"	"14616 (103 uniques)"	"14497 (116 uniques)"
"PLATEII_D_3"	"74933 (17083 uniques)"	"74748 (232 uniques)"	"74244 (271 uniques)"
"PLATEII_D_4"	"42460 (10878 uniques)"	"42376 (159 uniques)"	"41955 (194 uniques)"
"PLATEII_D_5"	"24137 (7609 uniques)"	"24016 (222 uniques)"	"23570 (236 uniques)"
"PLATEII_D_6"	"80 (70 uniques)"	"32 (4 uniques)"	"2 (1 uniques)"
"PLATEII_D_7"	"56048 (13146 uniques)"	"55933 (142 uniques)"	"55628 (179 uniques)"
"PLATEII_D_8"	"35088 (9383 uniques)"	"35011 (99 uniques)"	"34658 (121 uniques)"
"PLATEII_D_9"	"49376 (9687 uniques)"	"49221 (163 uniques)"	"48613 (177 uniques)"
"PLATEII_E_10"	"104 (68 uniques)"	"70 (7 uniques)"	"61 (3 uniques)"
"PLATEII_E_8"	"60 (37 uniques)"	"39 (6 uniques)"	"30 (3 uniques)"
"PLATEII_E_9"	"254 (187 uniques)"	"181 (17 uniques)"	"144 (11 uniques)"
"PLATEII_F_10"	"46547 (11081 uniques)"	"46418 (342 uniques)"	"46087 (371 uniques)"
"PLATEII_F_11"	"9555 (2651 uniques)"	"9498 (41 uniques)"	"9422 (54 uniques)"
"PLATEII_F_12"	"13596 (3750 uniques)"	"13534 (89 uniques)"	"13429 (95 uniques)"
"PLATEII_F_1"	"881 (299 uniques)"	"861 (34 uniques)"	"832 (27 uniques)"
"PLATEII_F_2"	"15971 (5707 uniques)"	"15888 (63 uniques)"	"15812 (66 uniques)"
"PLATEII_F_3"	"11837 (3255 uniques)"	"11784 (71 uniques)"	"11709 (80 uniques)"
"PLATEII_F_4"	"13046 (3483 uniques)"	"12953 (62 uniques)"	"12833 (67 uniques)"
"PLATEII_F_5"	"19704 (6049 uniques)"	"19571 (177 uniques)"	"19351 (180 uniques)"
"PLATEII_F_6"	"11184 (3079 uniques)"	"11131 (40 uniques)"	"11028 (57 uniques)"
"PLATEII_F_7"	"12697 (3206 uniques)"	"12652 (44 uniques)"	"12584 (58 uniques)"
"PLATEII_F_8"	"18916 (4567 uniques)"	"18850 (57 uniques)"	"18703 (68 uniques)"
"PLATEII_F_9"	"114605 (38789 uniques)"	"112380 (2427 uniques)"	"105290 (2229 uniques)"
"PLATEII_G_10"	"31579 (8125 uniques)"	"31420 (206 uniques)"	"31167 (242 uniques)"
"PLATEII_G_11"	"18624 (4661 uniques)"	"18585 (124 uniques)"	"18395 (130 uniques)"
"PLATEII_G_12"	"12600 (2965 uniques)"	"12503 (64 uniques)"	"12399 (62 uniques)"
"PLATEII_G_2"	"4817 (1363 uniques)"	"4764 (38 uniques)"	"4705 (34 uniques)"
"PLATEII_G_3"	"7109 (2103 uniques)"	"7062 (50 uniques)"	"6977 (52 uniques)"
"PLATEII_G_4"	"7845 (2045 uniques)"	"7771 (54 uniques)"	"7627 (54 uniques)"
"PLATEII_G_5"	"45520 (13582 uniques)"	"45439 (461 uniques)"	"44728 (514 uniques)"
"PLATEII_G_6"	"12519 (2921 uniques)"	"12477 (57 uniques)"	"12413 (61 uniques)"
"PLATEII_G_7"	"11575 (2781 uniques)"	"11530 (54 uniques)"	"11440 (55 uniques)"
"PLATEII_G_8"	"40899 (9102 uniques)"	"40787 (167 uniques)"	"40470 (177 uniques)"
"PLATEII_G_9"	"11381 (3246 uniques)"	"11281 (71 uniques)"	"10956 (74 uniques)"
"PLATEII_H_10"	"2789 (823 uniques)"	"2753 (14 uniques)"	"2640 (10 uniques)"
"PLATEII_H_11"	"2301 (673 uniques)"	"2270 (14 uniques)"	"2190 (12 uniques)"
"PLATEII_H_12"	"19195 (3677 uniques)"	"19149 (39 uniques)"	"19053 (54 uniques)"
"PLATEII_H_1"	"679 (246 uniques)"	"648 (22 uniques)"	"623 (19 uniques)"
"PLATEII_H_2"	"7710 (2267 uniques)"	"7673 (66 uniques)"	"7302 (64 uniques)"
"PLATEII_H_3"	"14722 (3928 uniques)"	"14648 (161 uniques)"	"14400 (163 uniques)"
"PLATEII_H_4"	"4287 (1385 uniques)"	"4236 (37 uniques)"	"4147 (37 uniques)"
"PLATEII_H_5"	"11216 (3678 uniques)"	"11133 (74 uniques)"	"10884 (78 uniques)"
"PLATEII_H_6"	"32891 (8839 uniques)"	"32832 (121 uniques)"	"32361 (130 uniques)"
"PLATEII_H_7"	"8529 (2369 uniques)"	"8462 (45 uniques)"	"8365 (45 uniques)"
"PLATEII_H_8"	"56845 (15521 uniques)"	"56632 (313 uniques)"	"55883 (364 uniques)"
"PLATEII_H_9"	"530102 (91265 uniques)"	"528859 (515 uniques)"	"515566 (1507 uniques)"
"PLATEIV_A_12"	"64 (50 uniques)"	"49 (4 uniques)"	"30 (2 uniques)"
"PLATEIV_B_10"	"65432 (15058 uniques)"	"65348 (158 uniques)"	"65058 (179 uniques)"
"PLATEIV_B_11"	"10957 (3541 uniques)"	"10878 (42 uniques)"	"10838 (48 uniques)"
"PLATEIV_B_12"	"20102 (7057 uniques)"	"20016 (71 uniques)"	"19858 (87 uniques)"
"PLATEIV_B_1"	"21192 (7926 uniques)"	"21124 (98 uniques)"	"20249 (103 uniques)"
"PLATEIV_B_2"	"20070 (6227 uniques)"	"20008 (74 uniques)"	"19681 (85 uniques)"
"PLATEIV_B_3"	"14144 (5167 uniques)"	"14078 (73 uniques)"	"14002 (78 uniques)"
"PLATEIV_B_4"	"106586 (25496 uniques)"	"106478 (148 uniques)"	"100482 (177 uniques)"
"PLATEIV_B_6"	"23447 (8214 uniques)"	"23367 (80 uniques)"	"22940 (106 uniques)"
"PLATEIV_B_7"	"54820 (16956 uniques)"	"54717 (119 uniques)"	"54160 (135 uniques)"
"PLATEIV_B_8"	"37163 (12461 uniques)"	"37076 (135 uniques)"	"35598 (154 uniques)"
"PLATEIV_B_9"	"146198 (29366 uniques)"	"146007 (140 uniques)"	"144863 (155 uniques)"
"PLATEIV_C_10"	"49727 (13274 uniques)"	"49481 (120 uniques)"	"49259 (150 uniques)"
"PLATEIV_C_11"	"22596 (6661 uniques)"	"22508 (62 uniques)"	"22401 (68 uniques)"
"PLATEIV_C_12"	"52299 (15029 uniques)"	"52125 (132 uniques)"	"51778 (171 uniques)"
"PLATEIV_C_1"	"17494 (5961 uniques)"	"17294 (86 uniques)"	"16449 (100 uniques)"
"PLATEIV_C_2"	"33420 (11646 uniques)"	"33329 (192 uniques)"	"25533 (214 uniques)"
"PLATEIV_C_3"	"84634 (20613 uniques)"	"84460 (131 uniques)"	"83241 (143 uniques)"
"PLATEIV_C_4"	"17679 (6817 uniques)"	"17592 (95 uniques)"	"17149 (102 uniques)"
"PLATEIV_C_6"	"100829 (27697 uniques)"	"100642 (259 uniques)"	"100015 (297 uniques)"
"PLATEIV_C_7"	"64885 (19193 uniques)"	"64665 (122 uniques)"	"64061 (141 uniques)"
"PLATEIV_C_8"	"87860 (21589 uniques)"	"87658 (143 uniques)"	"86924 (178 uniques)"
"PLATEIV_C_9"	"41696 (10244 uniques)"	"41591 (85 uniques)"	"41346 (96 uniques)"
"PLATEIV_D_10"	"132518 (47488 uniques)"	"131851 (1176 uniques)"	"127900 (1361 uniques)"
"PLATEIV_D_11"	"18664 (7318 uniques)"	"18554 (133 uniques)"	"18161 (134 uniques)"
"PLATEIV_D_12"	"134847 (43158 uniques)"	"134534 (375 uniques)"	"132327 (442 uniques)"
"PLATEIV_D_1"	"35104 (13179 uniques)"	"34950 (200 uniques)"	"32353 (231 uniques)"
"PLATEIV_D_2"	"16754 (6802 uniques)"	"16620 (81 uniques)"	"15356 (86 uniques)"
"PLATEIV_D_3"	"79872 (24772 uniques)"	"79699 (165 uniques)"	"69269 (185 uniques)"
"PLATEIV_D_4"	"81063 (27661 uniques)"	"80852 (362 uniques)"	"64152 (410 uniques)"
"PLATEIV_D_6"	"21026 (8159 uniques)"	"20928 (118 uniques)"	"20721 (133 uniques)"
"PLATEIV_D_7"	"126714 (36806 uniques)"	"126487 (207 uniques)"	"117750 (216 uniques)"
"PLATEIV_D_8"	"124821 (36207 uniques)"	"124411 (324 uniques)"	"111116 (394 uniques)"
"PLATEIV_D_9"	"73985 (21482 uniques)"	"73629 (214 uniques)"	"71202 (239 uniques)"
"PLATEIV_E_10"	"56068 (14524 uniques)"	"55858 (143 uniques)"	"55590 (179 uniques)"
"PLATEIV_E_11"	"19795 (7101 uniques)"	"19725 (108 uniques)"	"19546 (116 uniques)"
"PLATEIV_E_12"	"80286 (16570 uniques)"	"80138 (131 uniques)"	"79803 (151 uniques)"
"PLATEIV_E_1"	"21102 (7048 uniques)"	"20998 (121 uniques)"	"19700 (122 uniques)"
"PLATEIV_E_2"	"29370 (10296 uniques)"	"29282 (176 uniques)"	"28856 (196 uniques)"
"PLATEIV_E_3"	"14979 (4990 uniques)"	"14865 (69 uniques)"	"14621 (69 uniques)"
"PLATEIV_E_4"	"13395 (4856 uniques)"	"13325 (76 uniques)"	"13214 (84 uniques)"
"PLATEIV_E_6"	"160723 (47367 uniques)"	"160411 (476 uniques)"	"156600 (572 uniques)"
"PLATEIV_E_7"	"31044 (10673 uniques)"	"30956 (114 uniques)"	"30584 (144 uniques)"
"PLATEIV_E_8"	"63681 (18614 uniques)"	"63516 (152 uniques)"	"62651 (214 uniques)"
"PLATEIV_E_9"	"59890 (14960 uniques)"	"59627 (113 uniques)"	"59206 (157 uniques)"
"PLATEIV_F_10"	"22410 (7087 uniques)"	"22313 (82 uniques)"	"22125 (85 uniques)"
"PLATEIV_F_11"	"21361 (7250 uniques)"	"21304 (77 uniques)"	"21185 (94 uniques)"
"PLATEIV_F_12"	"128716 (20542 uniques)"	"128568 (78 uniques)"	"128217 (91 uniques)"
"PLATEIV_F_1"	"27767 (9027 uniques)"	"27669 (124 uniques)"	"26583 (140 uniques)"
"PLATEIV_F_2"	"33158 (10190 uniques)"	"32968 (132 uniques)"	"31974 (145 uniques)"
"PLATEIV_F_3"	"14974 (5573 uniques)"	"14929 (71 uniques)"	"14829 (86 uniques)"
"PLATEIV_F_4"	"25683 (9279 uniques)"	"25642 (105 uniques)"	"25421 (119 uniques)"
"PLATEIV_F_6"	"25387 (9430 uniques)"	"25252 (118 uniques)"	"24948 (132 uniques)"
"PLATEIV_F_7"	"37458 (12220 uniques)"	"37377 (112 uniques)"	"37102 (130 uniques)"
"PLATEIV_F_8"	"25343 (7380 uniques)"	"25169 (60 uniques)"	"24886 (77 uniques)"
"PLATEIV_F_9"	"26643 (7603 uniques)"	"26577 (71 uniques)"	"26267 (86 uniques)"
"PLATEIV_G_10"	"34502 (12199 uniques)"	"34387 (198 uniques)"	"33990 (216 uniques)"
"PLATEIV_G_11"	"29459 (7439 uniques)"	"29329 (63 uniques)"	"29143 (69 uniques)"
"PLATEIV_G_12"	"39577 (8717 uniques)"	"39462 (75 uniques)"	"39011 (82 uniques)"
"PLATEIV_G_1"	"21424 (7855 uniques)"	"21308 (81 uniques)"	"21032 (85 uniques)"
"PLATEIV_G_2"	"33687 (9178 uniques)"	"33583 (91 uniques)"	"32026 (92 uniques)"
"PLATEIV_G_3"	"19716 (7523 uniques)"	"19643 (150 uniques)"	"19084 (158 uniques)"
"PLATEIV_G_4"	"26904 (8959 uniques)"	"26832 (100 uniques)"	"26319 (114 uniques)"
"PLATEIV_G_6"	"161580 (34891 uniques)"	"161302 (258 uniques)"	"157144 (312 uniques)"
"PLATEIV_G_7"	"44986 (14653 uniques)"	"44884 (140 uniques)"	"44263 (155 uniques)"
"PLATEIV_G_8"	"115173 (27498 uniques)"	"114897 (324 uniques)"	"113200 (364 uniques)"
"PLATEIV_G_9"	"52071 (13337 uniques)"	"51930 (126 uniques)"	"51213 (137 uniques)"
"PLATEIV_H_10"	"53938 (13757 uniques)"	"53857 (123 uniques)"	"53224 (130 uniques)"
"PLATEIV_H_11"	"15157 (5023 uniques)"	"15051 (47 uniques)"	"14967 (66 uniques)"
"PLATEIV_H_12"	"37306 (11279 uniques)"	"37223 (113 uniques)"	"36877 (136 uniques)"
"PLATEIV_H_1"	"152294 (31319 uniques)"	"151695 (196 uniques)"	"148793 (322 uniques)"
"PLATEIV_H_2"	"3052 (1182 uniques)"	"3010 (13 uniques)"	"2960 (9 uniques)"
"PLATEIV_H_3"	"383 (215 uniques)"	"329 (10 uniques)"	"260 (5 uniques)"
"PLATEIV_H_4"	"2492 (877 uniques)"	"2452 (10 uniques)"	"2407 (7 uniques)"
"PLATEIV_H_6"	"31750 (11846 uniques)"	"31571 (180 uniques)"	"31168 (205 uniques)"
"PLATEIV_H_7"	"21950 (7384 uniques)"	"21850 (72 uniques)"	"21633 (79 uniques)"
"PLATEIV_H_8"	"23591 (6985 uniques)"	"23530 (74 uniques)"	"23329 (88 uniques)"
"PLATEIV_H_9"	"42219 (11185 uniques)"	"42131 (100 uniques)"	"41765 (110 uniques)"
"PLATEI_A_10"	"79 (53 uniques)"	"49 (4 uniques)"	"36 (2 uniques)"
"PLATEI_B_10"	"38244 (8563 uniques)"	"38094 (77 uniques)"	"35642 (74 uniques)"
"PLATEI_B_11"	"14122 (4310 uniques)"	"14037 (57 uniques)"	"13906 (63 uniques)"
"PLATEI_B_12"	"17752 (5625 uniques)"	"17656 (83 uniques)"	"17536 (88 uniques)"
"PLATEI_B_1"	"6923 (2445 uniques)"	"6857 (44 uniques)"	"6701 (43 uniques)"
"PLATEI_B_2"	"99 (81 uniques)"	"54 (5 uniques)"	"3 (1 uniques)"
"PLATEI_B_3"	"28673 (7188 uniques)"	"28532 (85 uniques)"	"28295 (86 uniques)"
"PLATEI_B_4"	"29201 (10035 uniques)"	"29062 (240 uniques)"	"28031 (273 uniques)"
"PLATEI_B_5"	"16116 (5410 uniques)"	"15992 (59 uniques)"	"15841 (58 uniques)"
"PLATEI_B_6"	"161 (119 uniques)"	"94 (8 uniques)"	"50 (1 uniques)"
"PLATEI_B_7"	"30098 (9632 uniques)"	"30042 (107 uniques)"	"29874 (125 uniques)"
"PLATEI_B_8"	"21094 (6288 uniques)"	"21015 (48 uniques)"	"20859 (56 uniques)"
"PLATEI_B_9"	"18008 (5409 uniques)"	"17852 (60 uniques)"	"17148 (54 uniques)"
"PLATEI_C_10"	"35137 (10290 uniques)"	"34992 (155 uniques)"	"34353 (166 uniques)"
"PLATEI_C_11"	"58029 (11797 uniques)"	"57727 (66 uniques)"	"57305 (72 uniques)"
"PLATEI_C_12"	"44600 (12528 uniques)"	"44462 (184 uniques)"	"44070 (215 uniques)"
"PLATEI_C_1"	"6899 (2361 uniques)"	"6847 (96 uniques)"	"6036 (89 uniques)"
"PLATEI_C_2"	"14341 (4700 uniques)"	"14257 (47 uniques)"	"13936 (49 uniques)"
"PLATEI_C_3"	"10216 (3512 uniques)"	"10123 (43 uniques)"	"9980 (45 uniques)"
"PLATEI_C_4"	"25055 (7889 uniques)"	"24971 (88 uniques)"	"23156 (99 uniques)"
"PLATEI_C_5"	"27567 (7332 uniques)"	"27390 (75 uniques)"	"27164 (86 uniques)"
"PLATEI_C_6"	"21958 (6502 uniques)"	"21860 (64 uniques)"	"21703 (78 uniques)"
"PLATEI_C_7"	"37982 (8571 uniques)"	"37867 (61 uniques)"	"37728 (73 uniques)"
"PLATEI_C_8"	"29591 (7269 uniques)"	"29507 (59 uniques)"	"29339 (70 uniques)"
"PLATEI_C_9"	"13281 (4263 uniques)"	"13071 (41 uniques)"	"12692 (39 uniques)"
"PLATEI_D_10"	"24580 (8594 uniques)"	"24422 (213 uniques)"	"20127 (226 uniques)"
"PLATEI_D_11"	"11342 (4089 uniques)"	"11254 (77 uniques)"	"10980 (77 uniques)"
"PLATEI_D_12"	"8051 (3007 uniques)"	"7943 (72 uniques)"	"7850 (69 uniques)"
"PLATEI_D_1"	"1504 (701 uniques)"	"1439 (53 uniques)"	"1031 (39 uniques)"
"PLATEI_D_2"	"34102 (11454 uniques)"	"33937 (202 uniques)"	"24168 (216 uniques)"
"PLATEI_D_3"	"12022 (4155 uniques)"	"11877 (50 uniques)"	"11710 (52 uniques)"
"PLATEI_D_4"	"11875 (4064 uniques)"	"11763 (48 uniques)"	"11536 (51 uniques)"
"PLATEI_D_5"	"23048 (8878 uniques)"	"22892 (138 uniques)"	"22154 (141 uniques)"
"PLATEI_D_6"	"21333 (7780 uniques)"	"21200 (139 uniques)"	"20340 (149 uniques)"
"PLATEI_D_7"	"22670 (8395 uniques)"	"22526 (143 uniques)"	"21907 (142 uniques)"
"PLATEI_D_8"	"159 (135 uniques)"	"68 (5 uniques)"	"31 (2 uniques)"
"PLATEI_D_9"	"46514 (13132 uniques)"	"46235 (184 uniques)"	"34325 (198 uniques)"
"PLATEI_E_10"	"21918 (6605 uniques)"	"21818 (72 uniques)"	"19514 (77 uniques)"
"PLATEI_E_11"	"14699 (5115 uniques)"	"14611 (76 uniques)"	"13756 (70 uniques)"
"PLATEI_E_12"	"12315 (3874 uniques)"	"12259 (78 uniques)"	"11653 (74 uniques)"
"PLATEI_E_1"	"209 (110 uniques)"	"187 (14 uniques)"	"162 (10 uniques)"
"PLATEI_E_2"	"16376 (4848 uniques)"	"16304 (47 uniques)"	"10479 (51 uniques)"
"PLATEI_E_3"	"5790 (1847 uniques)"	"5688 (23 uniques)"	"5592 (17 uniques)"
"PLATEI_E_4"	"46271 (9211 uniques)"	"46182 (82 uniques)"	"45710 (92 uniques)"
"PLATEI_E_5"	"18133 (5256 uniques)"	"18032 (67 uniques)"	"17785 (64 uniques)"
"PLATEI_E_6"	"12640 (4142 uniques)"	"12579 (60 uniques)"	"12490 (68 uniques)"
"PLATEI_E_7"	"21540 (6631 uniques)"	"21486 (81 uniques)"	"21327 (87 uniques)"
"PLATEI_E_8"	"130 (101 uniques)"	"67 (6 uniques)"	"39 (2 uniques)"
"PLATEI_E_9"	"15622 (5302 uniques)"	"15464 (80 uniques)"	"14929 (103 uniques)"
"PLATEI_F_10"	"20227 (6577 uniques)"	"20146 (60 uniques)"	"19904 (58 uniques)"
"PLATEI_F_11"	"14232 (4547 uniques)"	"14167 (54 uniques)"	"14003 (55 uniques)"
"PLATEI_F_12"	"18405 (5352 uniques)"	"18332 (49 uniques)"	"18247 (71 uniques)"
"PLATEI_F_1"	"2387 (882 uniques)"	"2354 (30 uniques)"	"2322 (26 uniques)"
"PLATEI_F_2"	"31256 (10539 uniques)"	"31159 (100 uniques)"	"25266 (108 uniques)"
"PLATEI_F_3"	"30084 (6415 uniques)"	"29938 (42 uniques)"	"29794 (47 uniques)"
"PLATEI_F_4"	"43487 (9346 uniques)"	"43362 (79 uniques)"	"41615 (87 uniques)"
"PLATEI_F_5"	"24283 (7776 uniques)"	"24107 (66 uniques)"	"23887 (67 uniques)"
"PLATEI_F_6"	"28552 (8528 uniques)"	"28480 (82 uniques)"	"28286 (97 uniques)"
"PLATEI_F_7"	"21929 (6956 uniques)"	"21855 (49 uniques)"	"21637 (59 uniques)"
"PLATEI_F_8"	"26210 (6935 uniques)"	"26058 (37 uniques)"	"25889 (42 uniques)"
"PLATEI_F_9"	"31265 (8112 uniques)"	"31160 (73 uniques)"	"30423 (78 uniques)"
"PLATEI_G_10"	"12903 (3759 uniques)"	"12805 (31 uniques)"	"12609 (30 uniques)"
"PLATEI_G_11"	"10691 (3445 uniques)"	"10570 (41 uniques)"	"10309 (34 uniques)"
"PLATEI_G_12"	"11077 (3044 uniques)"	"11013 (29 uniques)"	"10902 (25 uniques)"
"PLATEI_G_1"	"198 (126 uniques)"	"152 (14 uniques)"	"115 (7 uniques)"
"PLATEI_G_2"	"13268 (4094 uniques)"	"13189 (34 uniques)"	"12773 (38 uniques)"
"PLATEI_G_3"	"17256 (6093 uniques)"	"16854 (278 uniques)"	"15792 (205 uniques)"
"PLATEI_G_4"	"23988 (7857 uniques)"	"23900 (187 uniques)"	"23391 (197 uniques)"
"PLATEI_G_5"	"24040 (7085 uniques)"	"23946 (57 uniques)"	"23609 (68 uniques)"
"PLATEI_G_6"	"28504 (6810 uniques)"	"28341 (53 uniques)"	"28035 (56 uniques)"
"PLATEI_G_7"	"21449 (6202 uniques)"	"21299 (47 uniques)"	"21028 (43 uniques)"
"PLATEI_G_8"	"23471 (7602 uniques)"	"23376 (85 uniques)"	"22977 (98 uniques)"
"PLATEI_G_9"	"20636 (6715 uniques)"	"20494 (100 uniques)"	"17571 (96 uniques)"
"PLATEI_H_10"	"5044 (1564 uniques)"	"4976 (18 uniques)"	"4813 (10 uniques)"
"PLATEI_H_11"	"6561 (2007 uniques)"	"6516 (23 uniques)"	"6398 (20 uniques)"
"PLATEI_H_12"	"7796 (2320 uniques)"	"7725 (24 uniques)"	"7585 (21 uniques)"
"PLATEI_H_1"	"5912 (2169 uniques)"	"5892 (65 uniques)"	"5550 (61 uniques)"
"PLATEI_H_2"	"12938 (4100 uniques)"	"12844 (29 uniques)"	"12321 (38 uniques)"
"PLATEI_H_3"	"17382 (4914 uniques)"	"17281 (65 uniques)"	"17146 (73 uniques)"
"PLATEI_H_4"	"11994 (3820 uniques)"	"11938 (36 uniques)"	"11779 (39 uniques)"
"PLATEI_H_5"	"22447 (6767 uniques)"	"22366 (70 uniques)"	"22163 (92 uniques)"
"PLATEI_H_6"	"20209 (6687 uniques)"	"20131 (76 uniques)"	"19810 (77 uniques)"
"PLATEI_H_7"	"22597 (6379 uniques)"	"22505 (66 uniques)"	"22299 (70 uniques)"
"PLATEI_H_8"	"27480 (9094 uniques)"	"27355 (109 uniques)"	"26987 (112 uniques)"
"PLATEI_H_9"	"164385 (32479 uniques)"	"163913 (255 uniques)"	"159869 (428 uniques)"
"PLATEVI_A_10"	"80388 (30397 uniques)"	"80150 (628 uniques)"	"64969 (720 uniques)"
"PLATEVI_A_11"	"19281 (7766 uniques)"	"19168 (90 uniques)"	"18556 (96 uniques)"
"PLATEVI_A_12"	"48478 (13995 uniques)"	"48395 (175 uniques)"	"47559 (191 uniques)"
"PLATEVI_A_1"	"39076 (14194 uniques)"	"38957 (131 uniques)"	"25468 (133 uniques)"
"PLATEVI_A_2"	"27837 (10699 uniques)"	"27740 (141 uniques)"	"20431 (151 uniques)"
"PLATEVI_A_3"	"11839 (4117 uniques)"	"11755 (49 uniques)"	"11643 (44 uniques)"
"PLATEVI_A_4"	"13365 (4357 uniques)"	"13307 (48 uniques)"	"13223 (51 uniques)"
"PLATEVI_A_6"	"115 (110 uniques)"	"57 (4 uniques)"	"16 (1 uniques)"
"PLATEVI_A_7"	"17672 (7302 uniques)"	"17600 (105 uniques)"	"17384 (117 uniques)"
"PLATEVI_A_8"	"19855 (7323 uniques)"	"19782 (86 uniques)"	"19346 (81 uniques)"
"PLATEVI_A_9"	"34996 (12843 uniques)"	"34837 (141 uniques)"	"23125 (139 uniques)"
"PLATEVI_B_10"	"14884 (6063 uniques)"	"14781 (117 uniques)"	"14537 (121 uniques)"
"PLATEVI_B_11"	"764 (294 uniques)"	"730 (4 uniques)"	"715 (2 uniques)"
"PLATEVI_B_12"	"917 (381 uniques)"	"850 (7 uniques)"	"809 (4 uniques)"
"PLATEVI_B_1"	"109528 (44113 uniques)"	"108938 (1245 uniques)"	"105481 (1449 uniques)"
"PLATEVI_B_2"	"23030 (8704 uniques)"	"22839 (114 uniques)"	"22463 (127 uniques)"
"PLATEVI_B_3"	"14169 (5355 uniques)"	"14123 (89 uniques)"	"13981 (87 uniques)"
"PLATEVI_B_4"	"24751 (5747 uniques)"	"24680 (58 uniques)"	"24601 (62 uniques)"
"PLATEVI_B_6"	"28633 (11308 uniques)"	"28558 (117 uniques)"	"26803 (116 uniques)"
"PLATEVI_B_7"	"33264 (12618 uniques)"	"33166 (146 uniques)"	"22071 (139 uniques)"
"PLATEVI_B_8"	"33694 (11895 uniques)"	"33533 (156 uniques)"	"20927 (153 uniques)"
"PLATEVI_B_9"	"18139 (5838 uniques)"	"18031 (89 uniques)"	"17862 (100 uniques)"
"PLATEVI_C_10"	"22964 (6719 uniques)"	"22884 (60 uniques)"	"22793 (64 uniques)"
"PLATEVI_C_11"	"6654 (2732 uniques)"	"6600 (44 uniques)"	"6484 (44 uniques)"
"PLATEVI_C_12"	"12489 (3690 uniques)"	"12451 (63 uniques)"	"12348 (65 uniques)"
"PLATEVI_C_1"	"5054 (1969 uniques)"	"4990 (29 uniques)"	"4903 (25 uniques)"
"PLATEVI_C_2"	"6612 (2606 uniques)"	"6586 (26 uniques)"	"6495 (25 uniques)"
"PLATEVI_C_3"	"9119 (3215 uniques)"	"9065 (37 uniques)"	"8944 (37 uniques)"
"PLATEVI_C_4"	"15573 (5522 uniques)"	"15533 (66 uniques)"	"13949 (69 uniques)"
"PLATEVI_C_6"	"9164 (3209 uniques)"	"9116 (33 uniques)"	"8996 (33 uniques)"
"PLATEVI_C_7"	"4728 (1857 uniques)"	"4680 (18 uniques)"	"4626 (19 uniques)"
"PLATEVI_C_8"	"7398 (2729 uniques)"	"7332 (30 uniques)"	"7282 (35 uniques)"
"PLATEVI_C_9"	"8289 (3178 uniques)"	"8227 (63 uniques)"	"8080 (57 uniques)"
"PLATEVI_D_10"	"71584 (21155 uniques)"	"71410 (130 uniques)"	"52639 (162 uniques)"
"PLATEVI_D_11"	"37171 (13677 uniques)"	"37040 (164 uniques)"	"30157 (175 uniques)"
"PLATEVI_D_12"	"47806 (19064 uniques)"	"47743 (174 uniques)"	"46986 (198 uniques)"
"PLATEVI_D_1"	"8282 (3144 uniques)"	"8218 (36 uniques)"	"8076 (31 uniques)"
"PLATEVI_D_2"	"12182 (4361 uniques)"	"12133 (35 uniques)"	"11988 (40 uniques)"
"PLATEVI_D_3"	"12943 (4440 uniques)"	"12857 (50 uniques)"	"12753 (47 uniques)"
"PLATEVI_D_4"	"16400 (5651 uniques)"	"16316 (49 uniques)"	"16206 (59 uniques)"
"PLATEVI_D_6"	"28772 (7548 uniques)"	"28692 (51 uniques)"	"27967 (58 uniques)"
"PLATEVI_D_7"	"14050 (5609 uniques)"	"13973 (66 uniques)"	"12165 (63 uniques)"
"PLATEVI_D_8"	"30215 (10711 uniques)"	"30112 (95 uniques)"	"24989 (105 uniques)"
"PLATEVI_D_9"	"52068 (16820 uniques)"	"51895 (144 uniques)"	"36803 (165 uniques)"
"PLATEVI_E_10"	"53947 (19233 uniques)"	"53842 (255 uniques)"	"53215 (300 uniques)"
"PLATEVI_E_11"	"25548 (8933 uniques)"	"25450 (107 uniques)"	"24988 (128 uniques)"
"PLATEVI_E_12"	"2021 (771 uniques)"	"1956 (14 uniques)"	"1900 (11 uniques)"
"PLATEVI_E_1"	"44651 (15996 uniques)"	"44528 (172 uniques)"	"43328 (190 uniques)"
"PLATEVI_E_2"	"55748 (17965 uniques)"	"55595 (163 uniques)"	"51905 (170 uniques)"
"PLATEVI_E_3"	"28341 (10618 uniques)"	"28211 (123 uniques)"	"27359 (125 uniques)"
"PLATEVI_E_4"	"39739 (14587 uniques)"	"39595 (136 uniques)"	"37869 (139 uniques)"
"PLATEVI_E_6"	"31917 (12309 uniques)"	"31778 (141 uniques)"	"31305 (151 uniques)"
"PLATEVI_E_7"	"48939 (17419 uniques)"	"48767 (151 uniques)"	"47972 (163 uniques)"
"PLATEVI_E_8"	"15617 (5567 uniques)"	"15535 (59 uniques)"	"13465 (58 uniques)"
"PLATEVI_E_9"	"15176 (4859 uniques)"	"15037 (53 uniques)"	"14792 (54 uniques)"
"PLATEVI_F_10"	"7654 (2562 uniques)"	"7579 (31 uniques)"	"7453 (21 uniques)"
"PLATEVI_F_11"	"5410 (1936 uniques)"	"5363 (20 uniques)"	"5196 (14 uniques)"
"PLATEVI_F_12"	"13898 (4488 uniques)"	"13782 (25 uniques)"	"13640 (23 uniques)"
"PLATEVI_F_1"	"182845 (37963 uniques)"	"182399 (213 uniques)"	"178195 (332 uniques)"
"PLATEVI_F_2"	"6595 (2504 uniques)"	"6565 (24 uniques)"	"6474 (25 uniques)"
"PLATEVI_F_3"	"6248 (2125 uniques)"	"6209 (23 uniques)"	"5853 (18 uniques)"
"PLATEVI_F_4"	"8522 (2807 uniques)"	"8493 (21 uniques)"	"8404 (18 uniques)"
"PLATEVI_F_6"	"150 (136 uniques)"	"66 (8 uniques)"	"33 (2 uniques)"
"PLATEVI_F_7"	"4649 (1627 uniques)"	"4593 (18 uniques)"	"4480 (15 uniques)"
"PLATEVI_F_8"	"12819 (4359 uniques)"	"12743 (33 uniques)"	"12482 (31 uniques)"
"PLATEVI_F_9"	"15380 (4824 uniques)"	"15319 (37 uniques)"	"15156 (37 uniques)"
"PLATEVI_G_10"	"105 (92 uniques)"	"51 (4 uniques)"	"26 (2 uniques)"
"PLATEVI_G_11"	"425 (206 uniques)"	"398 (10 uniques)"	"349 (9 uniques)"
"PLATEVI_G_12"	"94604 (20437 uniques)"	"94153 (136 uniques)"	"92289 (205 uniques)"
"PLATEVI_G_1"	"25260 (9451 uniques)"	"25148 (114 uniques)"	"24735 (122 uniques)"
"PLATEVI_G_2"	"5699 (2149 uniques)"	"5664 (21 uniques)"	"5587 (17 uniques)"
"PLATEVI_G_3"	"7391 (2431 uniques)"	"7341 (21 uniques)"	"7256 (20 uniques)"
"PLATEVI_G_4"	"12495 (4129 uniques)"	"12441 (37 uniques)"	"12364 (51 uniques)"
"PLATEVI_G_6"	"4492 (1721 uniques)"	"4456 (19 uniques)"	"4411 (23 uniques)"
"PLATEVI_G_7"	"5756 (2114 uniques)"	"5680 (22 uniques)"	"5580 (20 uniques)"
"PLATEVI_G_8"	"130 (106 uniques)"	"66 (4 uniques)"	"24 (1 uniques)"
"PLATEVI_G_9"	"132 (109 uniques)"	"88 (7 uniques)"	"34 (1 uniques)"
"PLATEVI_H_12"	"132 (102 uniques)"	"59 (2 uniques)"	"58 (2 uniques)"
"PLATEVI_H_1"	"165 (144 uniques)"	"84 (9 uniques)"	"11 (1 uniques)"
"PLATEVI_H_6"	"73 (58 uniques)"	"37 (4 uniques)"	"26 (2 uniques)"
"PLATEVI_H_8"	"129 (107 uniques)"	"49 (3 uniques)"	"37 (2 uniques)"
"PLATEVI_H_9"	"151 (131 uniques)"	"63 (4 uniques)"	"26 (1 uniques)"
"PLATEV_A_10"	"57 (45 uniques)"	"25 (5 uniques)"	"12 (1 uniques)"
"PLATEV_A_11"	"4483 (1239 uniques)"	"4454 (26 uniques)"	"4431 (27 uniques)"
"PLATEV_A_1"	"67 (57 uniques)"	"24 (3 uniques)"	"13 (1 uniques)"
"PLATEV_A_2"	"1540 (424 uniques)"	"1518 (18 uniques)"	"1507 (16 uniques)"
"PLATEV_A_3"	"123 (67 uniques)"	"98 (6 uniques)"	"96 (6 uniques)"
"PLATEV_A_4"	"2078 (699 uniques)"	"2038 (52 uniques)"	"1917 (31 uniques)"
"PLATEV_A_6"	"1434 (466 uniques)"	"1419 (23 uniques)"	"1391 (24 uniques)"
"PLATEV_A_8"	"5675 (1600 uniques)"	"5560 (78 uniques)"	"5474 (76 uniques)"
"PLATEV_A_9"	"1183 (399 uniques)"	"1136 (35 uniques)"	"1086 (29 uniques)"
"PLATEV_B_10"	"1720 (732 uniques)"	"1633 (107 uniques)"	"1425 (79 uniques)"
"PLATEV_B_12"	"1825 (483 uniques)"	"1788 (13 uniques)"	"1770 (14 uniques)"
"PLATEV_B_1"	"95 (84 uniques)"	"32 (3 uniques)"	"17 (1 uniques)"
"PLATEV_B_3"	"205 (99 uniques)"	"171 (11 uniques)"	"156 (9 uniques)"
"PLATEV_B_4"	"797 (291 uniques)"	"762 (21 uniques)"	"738 (19 uniques)"
"PLATEV_B_6"	"2929 (953 uniques)"	"2864 (64 uniques)"	"2798 (60 uniques)"
"PLATEV_B_7"	"7868 (2495 uniques)"	"7790 (193 uniques)"	"7609 (189 uniques)"
"PLATEV_B_8"	"1200 (423 uniques)"	"1155 (39 uniques)"	"1119 (35 uniques)"
"PLATEV_B_9"	"678 (258 uniques)"	"638 (21 uniques)"	"593 (18 uniques)"
"PLATEV_C_10"	"77 (56 uniques)"	"39 (7 uniques)"	"17 (1 uniques)"
"PLATEV_C_11"	"888 (256 uniques)"	"868 (20 uniques)"	"856 (18 uniques)"
"PLATEV_C_12"	"2694 (758 uniques)"	"2657 (24 uniques)"	"2611 (19 uniques)"
"PLATEV_C_1"	"213 (156 uniques)"	"124 (14 uniques)"	"91 (7 uniques)"
"PLATEV_C_2"	"19672 (5230 uniques)"	"19603 (86 uniques)"	"19508 (94 uniques)"
"PLATEV_C_3"	"102 (65 uniques)"	"61 (6 uniques)"	"47 (4 uniques)"
"PLATEV_C_4"	"300 (146 uniques)"	"273 (19 uniques)"	"241 (14 uniques)"
"PLATEV_C_6"	"1079 (385 uniques)"	"1039 (43 uniques)"	"962 (30 uniques)"
"PLATEV_C_7"	"2488 (695 uniques)"	"2454 (24 uniques)"	"2397 (18 uniques)"
"PLATEV_C_8"	"2059 (614 uniques)"	"2029 (30 uniques)"	"1994 (28 uniques)"
"PLATEV_C_9"	"691 (261 uniques)"	"646 (27 uniques)"	"600 (21 uniques)"
"PLATEV_D_10"	"103 (95 uniques)"	"59 (4 uniques)"	"17 (1 uniques)"
"PLATEV_D_12"	"100 (91 uniques)"	"50 (4 uniques)"	"27 (1 uniques)"
"PLATEV_D_1"	"218 (171 uniques)"	"159 (12 uniques)"	"47 (3 uniques)"
"PLATEV_D_2"	"6213 (1473 uniques)"	"6172 (27 uniques)"	"6103 (22 uniques)"
"PLATEV_D_3"	"76 (69 uniques)"	"33 (2 uniques)"	"24 (1 uniques)"
"PLATEV_D_4"	"70 (62 uniques)"	"45 (4 uniques)"	"13 (1 uniques)"
"PLATEV_D_6"	"173 (104 uniques)"	"143 (6 uniques)"	"113 (4 uniques)"
"PLATEV_D_7"	"221751 (47670 uniques)"	"220397 (530 uniques)"	"213783 (1683 uniques)"
"PLATEV_D_9"	"132 (121 uniques)"	"68 (6 uniques)"	"14 (1 uniques)"
"PLATEV_F_10"	"108 (95 uniques)"	"42 (6 uniques)"	"6 (1 uniques)"
"PLATEV_F_12"	"120 (96 uniques)"	"76 (4 uniques)"	"65 (3 uniques)"
"PLATEV_F_2"	"67 (59 uniques)"	"20 (6 uniques)"	"3 (1 uniques)"
"PLATEV_F_3"	"73 (65 uniques)"	"20 (3 uniques)"	"11 (1 uniques)"
"PLATEV_F_4"	"51 (44 uniques)"	"17 (2 uniques)"	"15 (1 uniques)"
"PLATEV_F_6"	"143 (127 uniques)"	"65 (5 uniques)"	"40 (3 uniques)"
"PLATEV_F_9"	"121 (101 uniques)"	"41 (4 uniques)"	"24 (1 uniques)"
"PLATEV_G_12"	"52 (43 uniques)"	"27 (3 uniques)"	"10 (1 uniques)"
"PLATEV_G_1"	"59 (53 uniques)"	"22 (3 uniques)"	"7 (1 uniques)"
"PLATEV_G_7"	"57 (49 uniques)"	"22 (3 uniques)"	"7 (1 uniques)"
"PLATEV_H_10"	"103 (76 uniques)"	"82 (7 uniques)"	"41 (2 uniques)"
"PLATEV_H_12"	"141 (108 uniques)"	"131 (9 uniques)"	"14 (1 uniques)"
"PLATEV_H_1"	"279 (211 uniques)"	"249 (9 uniques)"	"105 (4 uniques)"
"PLATEV_H_2"	"74 (63 uniques)"	"53 (4 uniques)"	"21 (1 uniques)"
"PLATEV_H_3"	"188 (134 uniques)"	"176 (8 uniques)"	"77 (3 uniques)"
"PLATEV_H_7"	"162 (124 uniques)"	"134 (9 uniques)"	"24 (1 uniques)"
"PLATEV_H_8"	"136 (110 uniques)"	"110 (6 uniques)"	"40 (1 uniques)"
"PLATEV_H_9"	"153 (120 uniques)"	"110 (6 uniques)"	"61 (2 uniques)"
